label,x_px,y_px,area_px,color_l,color_a,color_b,circularity,eccentricity,extent,cluster_id,is_tree,lat,lon
1,236.5024561403509,362.92350877192985,1425.0,43.55107955057631,-33.964767681121,33.17182582808686,0.9013098481690855,0.11739591591256919,0.7706868577609519,-1,True,,
2,548.0420594633792,177.65337200870195,1379.0,42.1928272662301,-35.622306089447136,34.51570720845285,0.9147180762342254,0.13363315816721802,0.7821894498014748,-1,True,,
3,308.7964539007092,185.1709219858156,1410.0,44.668572998031706,-38.71400712018073,29.579316694601985,0.8992814733367455,0.24193398617678497,0.7452431289640592,-1,True,,
4,421.6032880629021,309.05360972122946,1399.0,41.650134801117396,-30.48725508291647,30.459805259855127,0.8953585780166093,0.15741581229932805,0.7394291754756871,-1,True,,
5,237.87491502379333,113.28755948334467,1471.0,40.61308776782789,-31.2204922519562,24.11823363716941,0.8768261121240689,0.4605212506457922,0.7429292929292929,-1,True,,
6,53.31160896130346,175.4643584521385,1473.0,47.32471096496809,-34.14821193659547,39.874698991876436,0.8984049610009178,0.49368840404924813,0.7785412262156448,-1,True,,
7,548.6879073135409,299.55829109341056,1381.0,43.602088036885654,-34.02226732775067,35.73385153983456,0.9173839826230247,0.08606061503372647,0.7468902109248242,-1,True,,
8,308.6592219020173,361.55403458213254,1388.0,44.58593427418867,-26.177094982974303,25.137484304018216,0.9142299176814359,0.055661896450696524,0.7685492801771872,-1,True,,
9,487.8497790868925,425.6075110456554,1358.0,41.315691061399626,-33.37662221960506,34.57507870961604,0.9356121729318888,0.12197820752645339,0.7886178861788617,-1,True,,
10,427.29635036496353,432.4109489051095,1370.0,38.42693924029114,-24.814778636330672,26.761478438320058,0.9211398185160388,0.054892300821174814,0.7766439909297053,-1,True,,
11,368.94772727272726,308.8424242424242,1320.0,39.54204538894123,-31.512393230420027,31.55043862570461,0.9029310058366642,0.09644001010196689,0.7482993197278912,-1,True,,
12,237.60714285714286,57.93887362637363,1456.0,39.88995221891677,-12.472732947372078,16.06822956885836,0.8983763271413608,0.4882766869054795,0.7695560253699789,-1,True,,
13,614.1656298600311,240.03188180404354,1286.0,41.18331634652479,-30.933947113421635,27.80600006004358,0.8950806108628199,0.13893612094782412,0.7290249433106576,-1,True,,
14,303.0180045011253,241.86571642910727,1333.0,42.931629101215115,-28.527056513902902,20.59352357908647,0.9072240363651646,0.15882770715655678,0.7556689342403629,-1,True,,
15,118.41641791044776,429.79701492537316,1340.0,39.974193425647854,-27.55942898057273,24.058583040342626,0.8977792020839492,0.18944869746512433,0.778164924506388,-1,True,,
16,114.3522491349481,119.68858131487889,1445.0,44.11174913869302,-35.82046585827368,30.57667084544582,0.9095260042965159,0.4953088867289822,0.7637420718816068,-1,True,,
17,428.36990595611286,122.17084639498432,1276.0,38.19626529857943,-26.282504060015807,26.192360501555278,0.8913366617169743,0.17478082185845722,0.7409988385598142,-1,True,,
18,56.59250936329588,298.9011235955056,1335.0,42.6809151092527,-33.0804492483061,34.16432203102887,0.905349019032829,0.2445678198970774,0.739202657807309,-1,True,,
19,492.64910921766074,361.5484120836561,1291.0,49.24210448230192,-38.31200126060767,36.407381555653224,0.9361876987687925,0.08761177661052473,0.7871951219512195,-1,True,,
20,370.0282796543598,485.64179104477614,1273.0,41.55369691574077,-31.136452980038825,28.30430692961543,0.9197410392930682,0.048140872430684385,0.7572873289708507,-1,True,,
21,615.2983555207518,112.52936570086139,1277.0,38.936208007738216,-29.570783151099075,25.55871844190965,0.9378016954731361,0.10282562578660559,0.798125,-1,True,,
22,367.6872074882995,179.59204368174727,1282.0,39.85314252213614,-23.28885972865561,27.93338416805393,0.884567035079422,0.11919593920485826,0.7626412849494348,-1,True,,
23,178.1263157894737,488.79595141700406,1235.0,42.75891425848387,-36.95657107404644,33.09978212926511,0.8890118155671143,0.1281306379891907,0.7530487804878049,-1,True,,
24,614.9247311827957,491.0752688172043,1209.0,47.87609660145041,-40.426363230209844,41.644485112878066,0.953548255701895,0.10307903052467254,0.7948717948717948,-1,True,,
25,548.7011217948718,487.44871794871796,1248.0,41.929056478494665,-34.34385780271206,29.229591118925253,0.9331447469799161,0.062282418163637034,0.78,-1,True,,
26,178.80652503793627,58.8103186646434,1318.0,44.74736405311087,-28.284384343135695,27.833423430199108,0.9273739089626668,0.4921069415325543,0.7845238095238095,-1,True,,
27,56.743920972644375,246.85258358662614,1316.0,40.48417748383162,-28.809092562095255,23.359097449432657,0.8879813845667057,0.47083181870438423,0.7642276422764228,-1,True,,
28,430.016295025729,367.0351629502573,1166.0,45.943084826555136,-43.66851752915012,42.28308451957617,0.9196338016115878,0.05854139895607232,0.7666009204470743,-1,True,,
29,175.42487479131887,369.1727879799666,1198.0,41.78421028550909,-25.453783586336336,19.68894189268971,0.9005200409470591,0.15677190226616414,0.7304878048780488,-1,True,,
30,113.77372881355932,489.1669491525424,1180.0,38.63257601573805,-20.25415365299177,20.841338210185047,0.927107966943863,0.1611169284210153,0.7758053911900066,-1,True,,
31,120.92448132780083,180.82323651452282,1205.0,38.86115442791705,-25.060418087928383,23.1247673219471,0.920977049726765,0.39634222614573267,0.7724358974358975,-1,True,,
32,426.20404721753795,487.5,1186.0,41.930950767716546,-34.456479594249124,30.80220287905769,0.9478082189654929,0.13749042902406838,0.8002699055330634,-1,True,,
33,308.0377358490566,59.14684167350287,1219.0,42.709892498738185,-31.134924880527613,33.73754609172281,0.899922915037018,0.39064573549678944,0.761875,-1,True,,
34,486.73231031543054,113.47570332480818,1173.0,41.120365803908264,-25.654733610539157,29.41307278232354,0.9216081739196197,0.1722678518944535,0.791497975708502,-1,True,,
35,364.69084628670123,119.46027633851467,1158.0,45.53644653350653,-33.45404603987675,29.11635894885574,0.9098229031533842,0.26914495620717704,0.7423076923076923,-1,True,,
36,246.2208538587849,176.10673234811165,1218.0,42.57829458919924,-29.72491024304267,38.916029955059265,0.891164253751607,0.39219110942169233,0.7426829268292683,-1,True,,
37,612.2601260126013,58.10531053105311,1111.0,38.02544373481416,-32.981631742244524,20.80815101250142,0.8844448584422818,0.22626354601827697,0.7693905817174516,-1,True,,
38,612.9237668161435,304.3156950672646,1115.0,43.994092491012275,-39.7086885717258,30.552011165880057,0.9289854253894033,0.14240496687670703,0.7930298719772404,-1,True,,
39,547.33,114.35545454545455,1100.0,39.36192677465928,-28.8908286586613,20.43259991458916,0.9128771184381166,0.1589592980677246,0.7617728531855956,-1,True,,
40,551.0046125461255,246.66974169741698,1084.0,46.115002457378004,-35.30754005876977,32.72455463696917,0.9295700466705069,0.11384802759329196,0.7709815078236131,-1,True,,
41,301.07844990548205,494.75897920604916,1058.0,40.34167649922473,-28.44627778106569,29.028370700013113,0.9326290163066182,0.0830488912630903,0.7728268809349891,-1,True,,
42,181.86564472497744,246.05500450856627,1109.0,46.10864886818407,-36.95130340232515,32.54413858127557,0.8713243519836813,0.3553065300422062,0.7483130904183536,-1,True,,
43,486.6463985032741,235.49298409728718,1069.0,42.22118427421076,-29.55180795023541,33.79280505939365,0.9078989816189773,0.09759484172373291,0.7603129445234709,-1,True,,
44,49.59035004730369,421.25070955534534,1057.0,40.32123329801821,-30.655844448398433,27.559988875635526,0.9152530417389511,0.21874340608389872,0.731994459833795,-1,True,,
45,178.43530499075786,120.94362292051756,1082.0,39.28677500446345,-33.361142575866175,30.26933032860409,0.8694471189725949,0.4816091088684003,0.7909356725146199,-1,True,,
46,369.0970072239422,430.8689370485036,969.0,39.15851425087754,-28.59815765701656,32.75519904359704,0.9510236002108646,0.06885298686440108,0.7910204081632654,-1,True,,
47,304.49645390070924,116.51469098277609,987.0,41.00411499760356,-30.736678118503978,31.57345043177358,0.9089880437678061,0.33256970258011975,0.7615740740740741,-1,True,,
48,428.8964803312629,181.02277432712216,966.0,43.781085498511985,-31.033790302406498,30.266985398195175,0.8986382822606199,0.22237803654280727,0.7453703703703703,-1,True,,
49,484.1460554371002,308.17910447761193,938.0,45.81893143490074,-34.23458604545686,27.63129822620751,0.9205986965921475,0.1245076671056519,0.7657142857142857,-1,True,,
50,122.23576423576424,240.05494505494505,1001.0,41.072880383026344,-31.828043932628525,29.794027484110153,0.8702649721070432,0.44571943999037755,0.7944444444444444,-1,True,,
51,297.32,303.61894736842106,950.0,39.58694458202497,-27.949249341381723,30.363922082635337,0.8927302075515015,0.19016867099621437,0.753968253968254,-1,True,,
52,615.1479099678456,370.56484458735264,933.0,42.444123988148746,-33.16203984526583,26.11273278312976,0.9489399827365038,0.12507524779956564,0.7840336134453781,-1,True,,
53,546.7225244831338,426.7486398258977,919.0,36.558481788925015,-31.550941352806024,16.685859305082005,0.9487906653864423,0.10273378216702567,0.7949826989619377,-1,True,,
54,425.6380753138075,52.10146443514645,956.0,45.27280139886853,-31.488540525506153,26.642804429111592,0.8595006235222494,0.3868060341918275,0.7587301587301587,-1,True,,
55,236.22210065645515,307.8118161925602,914.0,44.80127939443392,-33.14461460999301,38.22648398191355,0.9159120145454215,0.14120437888495765,0.7680672268907563,-1,True,,
56,241.12142038946163,487.0332187857961,873.0,38.196329929115635,-29.111831373454176,24.698859005541763,0.959784501285575,0.09019460099256875,0.8016528925619835,-1,True,,
57,53.39178690344062,366.015538290788,901.0,41.98919350021099,-31.739832377052885,28.773922950217216,0.90288481959018,0.2884487451861325,0.7355102040816327,-1,True,,
58,58.561571125265395,53.21549893842887,942.0,42.16222448673397,-28.482202016035213,33.065455053795326,0.9111344322241096,0.49512895383597766,0.7476190476190476,-1,True,,
59,363.2875816993464,55.266884531590414,918.0,42.51984716830656,-28.713886495157556,34.83424991480573,0.8879208161164889,0.43756281474312525,0.7285714285714285,-1,True,,
60,173.31776765375855,307.6127562642369,878.0,40.293807497324785,-20.086590841597733,28.31377801188547,0.8985395460397235,0.23471507987262405,0.759515570934256,-1,True,,
61,55.40882694541231,489.8130081300813,861.0,42.338438139975395,-24.931139830523804,23.866574811237854,0.8944659619294243,0.18945658853875547,0.767379679144385,-1,True,,
62,486.6350710900474,492.98104265402844,844.0,38.52644934239287,-21.438912118439394,26.44384327169114,0.9485773508728451,0.12806426390804826,0.7750229568411386,-1,True,,
63,57.924022346368716,123.59106145251397,895.0,46.099425465078724,-37.341488831993935,32.103197032687596,0.9007715656198623,0.4665685021749805,0.7521008403361344,-1,True,,
64,487.64501160092806,176.0092807424594,862.0,47.8442272965043,-35.56998938402483,35.57001345916722,0.9091492857108728,0.23944395815200475,0.768270944741533,-1,True,,
65,551.7779097387173,56.87410926365796,842.0,41.23156839071544,-24.096028077008075,26.19776455307811,0.8841203191320913,0.24366458804433408,0.7731864095500459,-1,True,,
66,615.8877805486285,178.65461346633415,802.0,43.73438423543445,-38.601578401318925,29.222780850063703,0.9516008619868154,0.09500479753275116,0.783203125,-1,True,,
67,426.3493827160494,238.33827160493829,810.0,43.446433937605825,-28.92535363073124,35.54262639636714,0.9103645192026122,0.12524203722371713,0.7670454545454546,-1,True,,
68,119.03587962962963,299.40277777777777,864.0,34.66235417858482,-21.063442067384546,30.944369886519777,0.8975825680685515,0.42053242194837015,0.7474048442906575,-1,True,,
69,245.74937343358397,426.0175438596491,798.0,33.276719475578425,-20.0030093628703,16.64792223665551,0.9213581045144125,0.15156413869280524,0.7556818181818182,-1,True,,
70,118.37578814627994,371.01261034047917,793.0,43.51558367486924,-33.71285408489481,32.98915663313851,0.9303011223064606,0.21307928678826354,0.7744140625,-1,True,,
71,238.56327543424317,235.71712158808933,806.0,40.81132806183448,-26.2650668394123,27.92849739952249,0.8821155221257823,0.3345428078173243,0.7401285583103765,-1,True,,
72,180.60340632603408,174.1411192214112,822.0,45.750657413585934,-34.203825336765895,37.12134709464086,0.8898704985247449,0.4770258146616313,0.7784090909090909,-1,True,,
73,611.8480325644505,423.95929443690636,737.0,40.16064143788659,-27.28163765066495,33.95352930908753,0.9466340521378945,0.02054082104027325,0.7669094693028096,-1,True,,
74,120.61712846347606,52.6272040302267,794.0,41.336753878152855,-33.009127871623704,32.43412493743822,0.9210189892462008,0.4901143355194586,0.775390625,-1,True,,
75,486.1508916323731,57.6241426611797,729.0,38.10587727652133,-28.833300392105738,18.10660699531742,0.9317813918355521,0.17598637710234533,0.7348790322580645,-1,True,,
76,359.7812929848693,235.97799174690508,727.0,39.510306677586975,-27.87972308758317,22.875628978347997,0.8928434734059546,0.17585400444636676,0.7565036420395421,-1,True,,
77,183.353507565337,422.7757909215956,727.0,41.777238123553985,-35.658763860308405,37.08118716269286,0.9337896280926041,0.20907581178642165,0.7565036420395421,-1,True,,
78,546.5,368.0,698.0,44.283715162069484,-31.823402829410046,33.70003585204415,0.9666989294558336,0.19752608729148277,0.8022988505747126,-1,True,,
79,306.65367965367966,423.05339105339107,693.0,43.21599709628026,-33.79258146120743,33.3533135331936,0.9480775561284974,0.12392776189268641,0.7965517241379311,-1,True,,
80,361.5222381635581,367.36728837876615,697.0,39.804899849226615,-23.709676825527833,27.409633996441467,0.9325890752490218,0.06107577294883345,0.7494623655913979,-1,True,,
